Novecento,"Novecento, 13, Via Carlo Ravizza, De Angeli - Monte Rosa, Municipio 7, Milano, Lombardia, 20149, Italia",amenity,restaurant,0.11100000000000002,"Nello specifico panorama torinese il liberty risentì, nelle sue maggiori opere, dell'influenza dell'importante scuola parigina e di quella belga divenendo uno dei maggiori esempi italiani di questa corrente, tanto da decretare Torino ""capitale italiana del liberty"", non senza subire anche inevitabili incursioni eclettiche e déco. Per il successo di questa corrente stilistica e la tipologia di edifici che sorse nei primi decenni del Novecento, Torino divenne un punto di riferimento del liberty italiano, sovente rinominato ""stile floreale"", tanto che si percepiscono ancora oggi cospicue testimonianze architettoniche di quel periodo. Storia e contesto storico-artistico Il passaggio dal XIX al XX secolo in Europa fu caratterizzato da un fervente rinnovamento delle espressioni artistiche, fortemente influenzato dal progresso tecnico e dall'entusiastica esaltazione positivista degli importanti traguardi raggiunti dalla scienza."
Novecento,"Novecento, 13, Via Carlo Ravizza, De Angeli - Monte Rosa, Municipio 7, Milano, Lombardia, 20149, Italia",amenity,restaurant,0.11100000000000002,"malgrado queste premesse anche a Torino quest'iniziale vocazione populistica del liberty andò scemando, l'ideale di un «socialismo della bellezza» andò evolvendosi in un ricco trionfo di motivi floreali, nervature filiformi, ardite decorazioni metalliche di chiara ispirazione fitomorfa ma divenne presto soltanto un privilegio delle classi sociali più abbienti. Questa nuova corrente stilistica fu agevolata dalla presenza di molti industriali italiani e soprattutto inglesi o elvetici come: Abegg, Bich, Caffarel, Caratsch, Kind, Krupp, Leumann, Miller, Menier, Metzger, Remmert, Scott, che contribuirono a quel «respiro internazionale» e alla futura vocazione industriale del capoluogo piemontese, e che nel capoluogo piemontese insediarono nuovi e numerosi stabilimenti proprio negli anni a ridosso tra Ottocento e Novecento. A seguito di questa stagione stilistica, spesso considerata «frivola» e forse ingenuamente ottimista, il valore aggiunto della tecnica e dell'industria prevalsero, così come la «funzione» prevalse sulla «forma» ma la modernità presto sfociò negli orrori della Grande Guerra che, non soltanto simbolicamente, decretò la fine della stagione del liberty."
Novecento,"Novecento, 13, Via Carlo Ravizza, De Angeli - Monte Rosa, Municipio 7, Milano, Lombardia, 20149, Italia",amenity,restaurant,0.11100000000000002,"In questo settore dell'amministrazione locale emersero illustri esponenti tra cui dapprima l'ingegnere Daniele Donghi, già professore ordinario di Architettura tecnica a Milano e Padova, che per circa quindici anni fu a capo dell'Ufficio tecnico dei Lavori pubblici, carica che lasciò alla volta dell'analogo incarico presso il Comune di Padova, quello di Venezia, divenendo infine direttore della filiale milanese dell'Impresa Porcheddu di Torino. A Donghi subentrò l'ingegner Camillo Dolza che firmò i più importanti progetti di edilizia pubblica torinese dei primi decenni del Novecento, tra cui si contano l'imponente edificio dell'istituto superiore femminile magistrale ""V. Monti"" di corso Galileo Ferraris 11 (1900), i primi Bagni Municipali di via G. Saccarelli (1901), quelli di via O. Morgari (1905), quelli di borgo Vanchiglia (1910), il Palazzo Poste e Telegrafi di via Alfieri (1908) e la nuova scuola elementare ""Santorre di Santarosa"" di via Braccini (1920). Il neogotico e i detrattori del liberty Parallelamente al naturalismo talvolta esasperato del liberty, la corrente del neogotico continuò a essere lo stile prediletto della aristocrazia e della committenza di gusto più conservatore e tradizionalista;"
Ottocento,"Ottocento, Contrà San Giorgio, Quartiere Trinità, San Giorgio, Bassano del Grappa, Colceresa, Vicenza, Veneto, 36061, Italia",amenity,restaurant,0.11100000000000002,"Storia e contesto storico-artistico Il passaggio dal XIX al XX secolo in Europa fu caratterizzato da un fervente rinnovamento delle espressioni artistiche, fortemente influenzato dal progresso tecnico e dall'entusiastica esaltazione positivista degli importanti traguardi raggiunti dalla scienza. Le evoluzioni dell'avanguardia artistica di fine Ottocento coinvolsero dapprima le arti applicate, assumendo denominazioni differenti a seconda delle aree geografiche: nell'area francofona prese il nome di art nouveau, in Germania jugendstil, in Austria sezessionstil, modern style in Gran Bretagna e modernismo in Spagna."
Ottocento,"Ottocento, Contrà San Giorgio, Quartiere Trinità, San Giorgio, Bassano del Grappa, Colceresa, Vicenza, Veneto, 36061, Italia",amenity,restaurant,0.11100000000000002,"malgrado queste premesse anche a Torino quest'iniziale vocazione populistica del liberty andò scemando, l'ideale di un «socialismo della bellezza» andò evolvendosi in un ricco trionfo di motivi floreali, nervature filiformi, ardite decorazioni metalliche di chiara ispirazione fitomorfa ma divenne presto soltanto un privilegio delle classi sociali più abbienti. Questa nuova corrente stilistica fu agevolata dalla presenza di molti industriali italiani e soprattutto inglesi o elvetici come: Abegg, Bich, Caffarel, Caratsch, Kind, Krupp, Leumann, Miller, Menier, Metzger, Remmert, Scott, che contribuirono a quel «respiro internazionale» e alla futura vocazione industriale del capoluogo piemontese, e che nel capoluogo piemontese insediarono nuovi e numerosi stabilimenti proprio negli anni a ridosso tra Ottocento e Novecento. A seguito di questa stagione stilistica, spesso considerata «frivola» e forse ingenuamente ottimista, il valore aggiunto della tecnica e dell'industria prevalsero, così come la «funzione» prevalse sulla «forma» ma la modernità presto sfociò negli orrori della Grande Guerra che, non soltanto simbolicamente, decretò la fine della stagione del liberty."
Ottocento,"Ottocento, Contrà San Giorgio, Quartiere Trinità, San Giorgio, Bassano del Grappa, Colceresa, Vicenza, Veneto, 36061, Italia",amenity,restaurant,0.11100000000000002,"A seguito di questa stagione stilistica, spesso considerata «frivola» e forse ingenuamente ottimista, il valore aggiunto della tecnica e dell'industria prevalsero, così come la «funzione» prevalse sulla «forma» ma la modernità presto sfociò negli orrori della Grande Guerra che, non soltanto simbolicamente, decretò la fine della stagione del liberty.  Torino tra Ottocento e Novecento: il liberty Torino, pur vantando un panorama architettonico caratterizzato prevalentemente dalla connotazione juvarriana dei numerosi palazzi nobiliari e delle residenze sabaude, nel ventennio a cavallo tra l'Ottocento e il Novecento si lasciò permeare da questa nuova corrente stilistica."
Gran Bretagna,"Great Britain, United Kingdom",place,island,0.6967901105215637,"Le evoluzioni dell'avanguardia artistica di fine Ottocento coinvolsero dapprima le arti applicate, assumendo denominazioni differenti a seconda delle aree geografiche: nell'area francofona prese il nome di art nouveau, in Germania jugendstil, in Austria sezessionstil, modern style in Gran Bretagna e modernismo in Spagna. In Italia, e particolarmente a Torino, la nuova corrente si affermò inizialmente come «arte nuova», declinando il termine direttamente dal francese."
Caffarel,"Caffarel, L'Adroit de Laval, Ceillac, Briançon, Hautes-Alpes, Provence-Alpes-Côte d'Azur, France métropolitaine, 05600, France",place,locality,0.23500000000000001,"malgrado queste premesse anche a Torino quest'iniziale vocazione populistica del liberty andò scemando, l'ideale di un «socialismo della bellezza» andò evolvendosi in un ricco trionfo di motivi floreali, nervature filiformi, ardite decorazioni metalliche di chiara ispirazione fitomorfa ma divenne presto soltanto un privilegio delle classi sociali più abbienti. Questa nuova corrente stilistica fu agevolata dalla presenza di molti industriali italiani e soprattutto inglesi o elvetici come: Abegg, Bich, Caffarel, Caratsch, Kind, Krupp, Leumann, Miller, Menier, Metzger, Remmert, Scott, che contribuirono a quel «respiro internazionale» e alla futura vocazione industriale del capoluogo piemontese, e che nel capoluogo piemontese insediarono nuovi e numerosi stabilimenti proprio negli anni a ridosso tra Ottocento e Novecento. A seguito di questa stagione stilistica, spesso considerata «frivola» e forse ingenuamente ottimista, il valore aggiunto della tecnica e dell'industria prevalsero, così come la «funzione» prevalse sulla «forma» ma la modernità presto sfociò negli orrori della Grande Guerra che, non soltanto simbolicamente, decretò la fine della stagione del liberty."
Kind,"Indianapolis International Airport, 7800, Colonel H. Weir Cook Memorial Drive, Indianapolis, Marion County, Indiana, 46241, United States",aeroway,aerodrome,0.4239277639080603,"malgrado queste premesse anche a Torino quest'iniziale vocazione populistica del liberty andò scemando, l'ideale di un «socialismo della bellezza» andò evolvendosi in un ricco trionfo di motivi floreali, nervature filiformi, ardite decorazioni metalliche di chiara ispirazione fitomorfa ma divenne presto soltanto un privilegio delle classi sociali più abbienti. Questa nuova corrente stilistica fu agevolata dalla presenza di molti industriali italiani e soprattutto inglesi o elvetici come: Abegg, Bich, Caffarel, Caratsch, Kind, Krupp, Leumann, Miller, Menier, Metzger, Remmert, Scott, che contribuirono a quel «respiro internazionale» e alla futura vocazione industriale del capoluogo piemontese, e che nel capoluogo piemontese insediarono nuovi e numerosi stabilimenti proprio negli anni a ridosso tra Ottocento e Novecento. A seguito di questa stagione stilistica, spesso considerata «frivola» e forse ingenuamente ottimista, il valore aggiunto della tecnica e dell'industria prevalsero, così come la «funzione» prevalse sulla «forma» ma la modernità presto sfociò negli orrori della Grande Guerra che, non soltanto simbolicamente, decretò la fine della stagione del liberty."
Kind,"Indianapolis International Airport, 7800, Colonel H. Weir Cook Memorial Drive, Indianapolis, Marion County, Indiana, 46241, United States",aeroway,aerodrome,0.4239277639080603,"Esso nacque dall'idea di un illuminato imprenditore di origine elvetica, Napoleone Leumann, che trasferì lo stabilimento della sua azienda tessile da Voghera a Torino, beneficiando delle agevolazioni che offriva il capoluogo piemontese, reduce del contestato trasferimento della capitale prima a Firenze e poi a Roma; inoltre l'ampia offerta di manodopera specializzata a costi ridotti completò il processo di attrazione di capitali e imprenditori anche stranieri come Abegg, Geisser, Kind, Metzger, Menier, Remmert, Scott contribuendo a fare di Torino la nuova capitale dell'industria. La scelta cadde sul vasto lotto di terra di circa 60 000 m² nelle campagne circostanti Collegno, all'epoca piccolo paese alle porte della città."
Borgo Medievale,"Borgo Medievale, Nettuno, Roma Capitale, Lazio, 00048, Italia",place,suburb,0.47500000000000003,"Decisivo, per citare un esempio, fu l'operato dell'Impresa Porcheddu con sede a Torino, che, grazie all'intraprendenza del suo titolare Giovanni Antonio Porcheddu, già dal 1895 fu la prima azienda edile a importare e utilizzare in esclusiva per l'Italia l'innovativo Systéme Hennebique, il primo brevetto per la costruzione di «struttura e solai ignifughi» in calcestruzzo armato depositato dall'ingegnere francese François Hennebique. Le esposizioni universali e l'avvento del 1902 In questa compagine di vivace fermento culturale, Torino vide nascere nel 1884 l'edizione torinese dell'Esposizione generale italiana che portò, sull'onda del tardo romanticismo, anche alla contestuale realizzazione del Borgo Medievale, dando seguito agli impulsi del contemporaneo stile neogotico.  Dapprima tali eventi raccolsero un tiepido entusiasmo, tuttavia, le edizioni successive ebbero un crescente successo vedendo la graduale affermazione del liberty e, a dare un decisivo impulso alla sua diffusione, fu il traguardo più ambizioso del 1902, con l'Esposizione internazionale d'arte decorativa moderna che, nei suoi numerosi padiglioni in stile, vide accogliere ospiti stranieri di rilievo tra cui Peter Behrens, Hendrik Petrus Berlage, Victor Horta, René Lalique, Charles Mackintosh, Henry van de Velde oltre a favorire un clima che contribuì a far erigere svariati edifici pubblici e privati, decretando così la definitiva consacrazione del liberty a nuovo stile artistico dominante."
Borgo Medievale,"Borgo Medievale, Nettuno, Roma Capitale, Lazio, 00048, Italia",place,suburb,0.47500000000000003,"Della stessa idea furono anche i maggiori esponenti della nobiltà e della finanza che, pur senza ricorrere al neogotico, per i loro edifici di rappresentanza predilessero uno stile neoclassico più sobrio, tradizionale e conservatore, come accadde per esempio per l'edificio eclettico delle Assicurazioni Generali Venezia in piazza Solferino, progettato dello stesso Pietro Fenoglio che tuttavia qui si piegò alle indiscutibili esigenze del committente. Oltre al ben noto Borgo Medievale del Parco del Valentino, gioiello frutto di un accurato studio delle vestigia medievali locali coordinato dall'architetto portoghese Alfredo d'Andrade, nell'elegante quartiere residenziale Cit Turin si possono notare degli ottimi esempi di architettura civile nelle opere commissionate da Carrera: la Casa della Vittoria (1918-20) di Gottardo Gussoni, insieme all'abitazione dello stesso Carrera, ne sono l'esempio di maggior rilevanza."
Editrice,"Casa Editrice Leo S. Olschki, Via di San Piero in Palco, Badia a Ripoli, Quartiere 3, Firenze, Toscana, 50126, Italia",office,publisher,0.2419138440405379," Dapprima tali eventi raccolsero un tiepido entusiasmo, tuttavia, le edizioni successive ebbero un crescente successo vedendo la graduale affermazione del liberty e, a dare un decisivo impulso alla sua diffusione, fu il traguardo più ambizioso del 1902, con l'Esposizione internazionale d'arte decorativa moderna che, nei suoi numerosi padiglioni in stile, vide accogliere ospiti stranieri di rilievo tra cui Peter Behrens, Hendrik Petrus Berlage, Victor Horta, René Lalique, Charles Mackintosh, Henry van de Velde oltre a favorire un clima che contribuì a far erigere svariati edifici pubblici e privati, decretando così la definitiva consacrazione del liberty a nuovo stile artistico dominante. Un ulteriore contributo lo diede anche l'editoria che a Torino contava la presenza di importanti realtà editoriali come la Camilla & Bertolero, la Crudo & Lattuada, la Editrice Libraria F.lli Fiandesio & C. e la più longeva di tutte, la Roux e Viarengo, tutte attive sin dalla fine dell'Ottocento. La prima già dal 1889 pubblicava il periodico L'architettura pratica, rivista specializzata fondata dall'architetto Andrea Donghi e poi diretta dal collega Giuseppe Momo."
Casabella,"Casabella, Carema, Torino, Piemonte, 11026, Italia",place,hamlet,0.36,"Sempre edita dalla Camilla & Bertolero vi fu la rivista di settore L'Arte Decorativa Moderna, fondata nel 1902 a Torino su iniziativa del pittore torinese Enrico Reycend, avvalendosi di illustri colleghi come: Davide Calandra, Leonardo Bistolfi, Giorgio Ceragioli e lo scrittore Enrico Thovez. Altre pubblicazioni periodiche degne di nota furono Emporium, l'Architettura Italiana e La Casa Bella, testata in seguito diretta da Gio Ponti e che esiste ancora oggigiorno come Casabella. Anche il settore dell'arredamento fu attivamente partecipe al fiorente periodo liberty, ottimo campo per le arti applicate;"
Albergo Rocciamelone di,"Albergo Rocciamelone, 37, Via Roma, Cascine, Usseglio, Unione Montana Alpi Graie, Torino, Piemonte, 10070, Italia",tourism,hotel,0.201,"seppur ancora non facente parte di una realtà industriale, esso poteva contare su competenti maestranze e rappresentava una realtà artigianale molto apprezzata. Alcuni esponenti da ricordare sono la Vetreria Albano&Macario che tra le svariate opere realizzò la Terrazza Solferino e il Mobilificio Torinese F. Cesare Gandolfo che produsse anche molti arredi per caffè, ristoranti e alberghi, tra cui l'Albergo Rocciamelone di Usseglio per cui realizzò l'intero arredo. Torino visse dunque intensamente e a «tutto tondo» la stagione del liberty che, seppur relativamente breve, divenne un importante punto di riferimento per l'Italia, capace di attrarre contributi di personaggi di rilievo internazionale come l'architetto friulano Raimondo D'Aronco che, reduce delle recenti realizzazioni a Istanbul, per l'esposizione torinese del 1902 progettò il Grande Vestibolo."
Istanbul,"İstanbul, Fatih, İstanbul, Marmara Bölgesi, 34126, Türkiye",place,city,0.7147656681002855,"Alcuni esponenti da ricordare sono la Vetreria Albano&Macario che tra le svariate opere realizzò la Terrazza Solferino e il Mobilificio Torinese F. Cesare Gandolfo che produsse anche molti arredi per caffè, ristoranti e alberghi, tra cui l'Albergo Rocciamelone di Usseglio per cui realizzò l'intero arredo. Torino visse dunque intensamente e a «tutto tondo» la stagione del liberty che, seppur relativamente breve, divenne un importante punto di riferimento per l'Italia, capace di attrarre contributi di personaggi di rilievo internazionale come l'architetto friulano Raimondo D'Aronco che, reduce delle recenti realizzazioni a Istanbul, per l'esposizione torinese del 1902 progettò il Grande Vestibolo. Sull'onda del successo dell'esposizione, Torino continuò a essere terreno fertile di svariate sperimentazioni, seppur molto coerenti e sobrie, da parte di un folto gruppo di architetti e ingegneri quali:"
Villino Raby,"Villino Raby, Corso Francia, San Donato, Circoscrizione 4, Torino, Piemonte, 10140, Italia",building,residential,0.3626514353057295,"Tra le sue opere più note si possono citare: il Villino Raby (1901), la celebre Villa Scott (1902), trionfo di logge, torrette, vetrate, bovindi e, soprattutto, la sua opera più nota e apprezzata: Casa Fenoglio-Lafleur (1902), considerata «il più significativo esempio di stile liberty in Italia."
Villa Scott,"Villa Scott, Corso Giovanni Lanza, Borgo Po, Circoscrizione 8, Torino, Piemonte, 10131, Italia",building,villa,0.4031303339921358,"Tra le sue opere più note si possono citare: il Villino Raby (1901), la celebre Villa Scott (1902), trionfo di logge, torrette, vetrate, bovindi e, soprattutto, la sua opera più nota e apprezzata: Casa Fenoglio-Lafleur (1902), considerata «il più significativo esempio di stile liberty in Italia."
Casa Fenoglio-Lafleur,"Casa Fenoglio-Lafleur, Corso Francia, San Donato, Circoscrizione 4, Torino, Piemonte, 10140, Italia",building,residential,0.5446986168413893,"Casa Fenoglio-Lafleur (1902), considerata «il più significativo esempio di stile liberty in Italia. »Altri edifici degni di nota che ripropongono elementi decorativi derivanti dal successo di Casa Fenoglio-Lafleur sono la Casa Rossi-Galateri (1903) di via Passalacqua e la non meno apprezzabile Casa Girardi (1904) di via Cibrario 54. L'opera di Fenoglio risultò relativamente breve ma proficua e si possono citare ancora numerosi edifici analoghi, altre «case da pigione» a uso abitativo:"
Casa Girardi,"Casa Girardi, Via Luigi Cibrario, San Donato, Circoscrizione 4, Torino, Piemonte, 10140, Italia",building,residential,0.201,"Casa Fenoglio-Lafleur (1902), considerata «il più significativo esempio di stile liberty in Italia. »Altri edifici degni di nota che ripropongono elementi decorativi derivanti dal successo di Casa Fenoglio-Lafleur sono la Casa Rossi-Galateri (1903) di via Passalacqua e la non meno apprezzabile Casa Girardi (1904) di via Cibrario 54. L'opera di Fenoglio risultò relativamente breve ma proficua e si possono citare ancora numerosi edifici analoghi, altre «case da pigione» a uso abitativo:"
Casa Macciotta,"Casa Macciotta, 32, Corso Francia, San Donato, Circoscrizione 4, Torino, Piemonte, 10143, Italia",place,house,0.201,"L'opera di Fenoglio risultò relativamente breve ma proficua e si possono citare ancora numerosi edifici analoghi, altre «case da pigione» a uso abitativo: Casa Rey (1904), Casa Boffa-Costa (1904), Casa Macciotta (1904), Casa Balbis (1905), Casa Ina (1906), Casa Guelpa (1907), fino a spingersi fuori del Piemonte, con la realizzazione della villa dell'on. Magno Magni a Canzo, presso Como. L'attività fenogliana ebbe come committente anche il nascente mondo dell'industria, che trovava a Torino un luogo favorevole per stabilire la sede di nuovi insediamenti."
villa dell'on,"Kedia Castle Dellon Distilleries Ltd, Kumhari, Dhamdha Tahsil, Durg, Chhattisgarh, India",landuse,industrial,0.39999999999999997,"L'opera di Fenoglio risultò relativamente breve ma proficua e si possono citare ancora numerosi edifici analoghi, altre «case da pigione» a uso abitativo: Casa Rey (1904), Casa Boffa-Costa (1904), Casa Macciotta (1904), Casa Balbis (1905), Casa Ina (1906), Casa Guelpa (1907), fino a spingersi fuori del Piemonte, con la realizzazione della villa dell'on. Magno Magni a Canzo, presso Como. L'attività fenogliana ebbe come committente anche il nascente mondo dell'industria, che trovava a Torino un luogo favorevole per stabilire la sede di nuovi insediamenti."
Villaggio Leumann,"Villaggio Leumann Ovest, Corso Francia, Terracorta, Leumann, Collegno, Torino, Piemonte, 10093, Italia",tourism,attraction,0.41962395537124986,"Tra i più noti si possono citare: la Conceria Fiorio (1900), lo Stabilimento Boero (1905), le Fonderie Ballada (1906), lo stabilimento automobilistico delle Officine Diatto (1907) e il grande edificio del primo birrificio italiano Bosio & Caratsch, con l'annessa villa padronale (1907) e, ovviamente, il Villaggio Leumann. Il Villaggio Leumann Grazie all'acquisita esperienza in ambito di progettazione di stabilimenti industriali, Fenoglio si occupò anche del vasto progetto del Villaggio Leumann."
Villaggio Leumann,"Villaggio Leumann Ovest, Corso Francia, Terracorta, Leumann, Collegno, Torino, Piemonte, 10093, Italia",tourism,attraction,0.41962395537124986,"la Conceria Fiorio (1900), lo Stabilimento Boero (1905), le Fonderie Ballada (1906), lo stabilimento automobilistico delle Officine Diatto (1907) e il grande edificio del primo birrificio italiano Bosio & Caratsch, con l'annessa villa padronale (1907) e, ovviamente, il Villaggio Leumann. Il Villaggio Leumann Grazie all'acquisita esperienza in ambito di progettazione di stabilimenti industriali, Fenoglio si occupò anche del vasto progetto del Villaggio Leumann. Esso nacque dall'idea di un illuminato imprenditore di origine elvetica, Napoleone Leumann, che trasferì lo stabilimento della sua azienda tessile da Voghera a Torino, beneficiando delle agevolazioni che offriva il capoluogo piemontese, reduce del contestato trasferimento della capitale prima a Firenze e poi a Roma;"
Villaggio Leumann,"Villaggio Leumann Ovest, Corso Francia, Terracorta, Leumann, Collegno, Torino, Piemonte, 10093, Italia",tourism,attraction,0.41962395537124986,"un'area ben definita in cui lavoro, famiglia, tempo libero, istituzioni sociali e previdenziali furono strettamente connessi fra loro, formando un contesto socialmente evoluto ed efficiente. Esempi analoghi sorsero nel medesimo periodo anche in Lombardia e in Veneto ma il Villaggio Leumann è forse l'esempio più esteso, completo e funzionale, tale da essere diventato un'interessante testimonianza di carattere storico, culturale e architettonico. Gli altri personaggi del liberty torinese Malgrado la connotazione principalmente barocca di scuola guariniana e juvarriana, il patrimonio architettonico della vecchia capitale sabauda conserva pressoché intatte ancora oggi importanti testimonianze liberty e la presenza di architetture di quell'epoca è ancora percepibile in alcune zone centrali del capoluogo come i quartieri del centro storico, la Crocetta, San Salvario, la collina ma con un'assoluta predominanza nell'area comprendente i quartieri  San Donato e Cit Turin."
Villaggio Leumann,"Villaggio Leumann Ovest, Corso Francia, Terracorta, Leumann, Collegno, Torino, Piemonte, 10093, Italia",tourism,attraction,0.41962395537124986,"Il neogotico e i detrattori del liberty Parallelamente al naturalismo talvolta esasperato del liberty, la corrente del neogotico continuò a essere lo stile prediletto della aristocrazia e della committenza di gusto più conservatore e tradizionalista; inoltre, grazie della forte connotazione allegorica d'ispirazione medievale si confermò lo stile preferito per la realizzazione di edifici religiosi, se si esclude l'unico caso italiano della chiesa liberty dedicata a Santa Elisabetta, all'interno del Villaggio Leumann. Uno dei maggiori detrattori del liberty fu il poeta torinese Guido Gozzano che, per ironia della sorte, visse e morì in un edificio progettato secondo questo nuovo stile dallo stesso Pietro Fenoglio."
Metzger,"Metzger, Washington County, Oregon, 97223, United States",place,suburb,0.4854220433537729,"Esso nacque dall'idea di un illuminato imprenditore di origine elvetica, Napoleone Leumann, che trasferì lo stabilimento della sua azienda tessile da Voghera a Torino, beneficiando delle agevolazioni che offriva il capoluogo piemontese, reduce del contestato trasferimento della capitale prima a Firenze e poi a Roma; inoltre l'ampia offerta di manodopera specializzata a costi ridotti completò il processo di attrazione di capitali e imprenditori anche stranieri come Abegg, Geisser, Kind, Metzger, Menier, Remmert, Scott contribuendo a fare di Torino la nuova capitale dell'industria. La scelta cadde sul vasto lotto di terra di circa 60 000 m² nelle campagne circostanti Collegno, all'epoca piccolo paese alle porte della città."
Val di Susa,"Val di Susa, Oulx, Torino, Piemonte, 10056, Italia",natural,valley,0.7280995083462911,"La scelta cadde sul vasto lotto di terra di circa 60 000 m² nelle campagne circostanti Collegno, all'epoca piccolo paese alle porte della città. Fondamentale nella scelta del luogo fu anche la presenza di canali irrigui e la vicinanza della nuova ferrovia che, correndo lungo l'asse dell'attuale corso Francia, consentiva un rapido collegamento con Torino, la vicina Rivoli ma anche con la Val di Susa e la Francia, attraverso il nuovo tunnel del Fréjus. Il complesso, progettato tra il 1875 e il 1907 da Pietro Fenoglio, è costituito da due comprensori residenziali a latere dello stabilimento tessile, che cessò la sua attività nel 2007, che ospitava originariamente circa un migliaio di persone tra operai, impiegati e relative famiglie."
Fréjus,"Fréjus, Draguignan, Var, Provence-Alpes-Côte d'Azur, France métropolitaine, 83600, France",place,town,0.624086428356111,"La scelta cadde sul vasto lotto di terra di circa 60 000 m² nelle campagne circostanti Collegno, all'epoca piccolo paese alle porte della città. Fondamentale nella scelta del luogo fu anche la presenza di canali irrigui e la vicinanza della nuova ferrovia che, correndo lungo l'asse dell'attuale corso Francia, consentiva un rapido collegamento con Torino, la vicina Rivoli ma anche con la Val di Susa e la Francia, attraverso il nuovo tunnel del Fréjus. Il complesso, progettato tra il 1875 e il 1907 da Pietro Fenoglio, è costituito da due comprensori residenziali a latere dello stabilimento tessile, che cessò la sua attività nel 2007, che ospitava originariamente circa un migliaio di persone tra operai, impiegati e relative famiglie."
Crocetta,"Crocetta, Medicina, Nuovo Circondario Imolese, Bologna, Emilia-Romagna, 40059, Italia",place,village,0.5253614865228886,"Esempi analoghi sorsero nel medesimo periodo anche in Lombardia e in Veneto ma il Villaggio Leumann è forse l'esempio più esteso, completo e funzionale, tale da essere diventato un'interessante testimonianza di carattere storico, culturale e architettonico. Gli altri personaggi del liberty torinese Malgrado la connotazione principalmente barocca di scuola guariniana e juvarriana, il patrimonio architettonico della vecchia capitale sabauda conserva pressoché intatte ancora oggi importanti testimonianze liberty e la presenza di architetture di quell'epoca è ancora percepibile in alcune zone centrali del capoluogo come i quartieri del centro storico, la Crocetta, San Salvario, la collina ma con un'assoluta predominanza nell'area comprendente i quartieri  San Donato e Cit Turin. L'emblema di alcune prime sperimentazioni che, da un'impostazione ancora evidentemente eclettica tanto cara a Carlo Ceppi, lasciano comunque trasparire protostilemi liberty sono sicuramente Palazzo Bellia (1898) e Palazzo Priotti (1900)."
Crocetta,"Crocetta, Medicina, Nuovo Circondario Imolese, Bologna, Emilia-Romagna, 40059, Italia",place,village,0.5253614865228886,"l'architetto Pietro Betta, per esempio, si differenziò per abbracciare uno stile più riconducibile al sezessionstil e nel cui studio si formarono giovani architetti come Domenico Soldiero Morelli e Armando Melis de Villa, protagonisti della successiva stagione del razionalismo italiano. L'opera di Betta si distinse per l'approccio più monumentale, contaminato da elementi classici sapientemente abbinati a stilemi secessionisti, il cui esempio più imponente appare nella Casa Avezzano (1912) del quartiere Crocetta, dove la facciata è scandita da una sequenza di grosse colonne corinzie aggettanti sorrette da protomi taurini e «incatenate» a una serie di bovindi. Altri esempi marcatamente secessionisti sono Casa Bonelli (1904), residenza dello stesso architetto Bonelli, i cui prospetti sono caratterizzati da particolarissime porte-finestre contornate da un'ampia cornice circolare che riportano un ornato finemente decorato e Casa Mussini, austero edificio residenziale della precollina, progettata dall'architetto Ferrari nel 1914.Altro esponente vicino al lessico progettuale di Pietro Betta fu l'architetto Annibale Rigotti che, all'angolo di via Vassalli Eandi con via Principi d'Acaja, poco distante dalla Casa Ina di Fenoglio, progettò Casa Baravalle (1902), una villa unifamigliare riconoscibile per le sue pareti azzurre e caratterizzata da decorazioni geometriche, con forme estremamente sobrie."
Crocetta,"Crocetta, Medicina, Nuovo Circondario Imolese, Bologna, Emilia-Romagna, 40059, Italia",place,village,0.5253614865228886,"il suo ingresso dai portici di piazza Castello esibisce una ricca cornice in marmo impreziosita da bassorilievi bronzei e interni riccamente lavorati, con ampio utilizzo di tarsìe marmoree e stucchi. Nel quartiere Crocetta si può invece ammirare la notevole Casa Maffei (1905), con ringhiere e ferri battuti del maestro lombardo Alessandro Mazzucotelli, su progetto di Antonio Vandone di Cortemilia; altri suoi esempi da menzionare sono alcuni palazzi di corso Galileo Ferraris e corso Re Umberto, caratteristici per i decori fitomorfi e l'ampio impiego di vetri colorati e ferro battuto."
Crocetta,"Crocetta, Medicina, Nuovo Circondario Imolese, Bologna, Emilia-Romagna, 40059, Italia",place,village,0.5253614865228886,"Ulteriori esempi di edifici civili in stile neogotico sono evidenziabili nel vicino quartiere San Donato con il gruppo di case di via Piffetti, famose per i ferri battuti, le caratteristiche sfingi e le decorazioni a coda di pavone. Altri isolati esempi di neogotico di Giuseppe Gallo sono altresì presenti nella zona di San Salvario e nel quartiere Crocetta, dove svetta la Casa Lattes (1911), imponente esempio presso l'incrocio di via Sacchi e corso Sommelier. Nel quartiere Parella, invece, al tempo estrema periferia contornata dalla campagna, sorge il Palazzotto Arduino, un ricco esempio di neogotico realizzato dagli architetti Coppedé e Mesturino nel 1926, quando ormai l'avanguardia architettonica stava già sperimentando in città i primi esempi di razionalismo come, per esempio, Palazzo Gualino."
San Salvario,"San Salvario, Circoscrizione 8, Torino, Piemonte, 10125, Italia",place,suburb,0.47500000000000003,"Esempi analoghi sorsero nel medesimo periodo anche in Lombardia e in Veneto ma il Villaggio Leumann è forse l'esempio più esteso, completo e funzionale, tale da essere diventato un'interessante testimonianza di carattere storico, culturale e architettonico. Gli altri personaggi del liberty torinese Malgrado la connotazione principalmente barocca di scuola guariniana e juvarriana, il patrimonio architettonico della vecchia capitale sabauda conserva pressoché intatte ancora oggi importanti testimonianze liberty e la presenza di architetture di quell'epoca è ancora percepibile in alcune zone centrali del capoluogo come i quartieri del centro storico, la Crocetta, San Salvario, la collina ma con un'assoluta predominanza nell'area comprendente i quartieri  San Donato e Cit Turin. L'emblema di alcune prime sperimentazioni che, da un'impostazione ancora evidentemente eclettica tanto cara a Carlo Ceppi, lasciano comunque trasparire protostilemi liberty sono sicuramente Palazzo Bellia (1898) e Palazzo Priotti (1900)."
San Salvario,"San Salvario, Circoscrizione 8, Torino, Piemonte, 10125, Italia",place,suburb,0.47500000000000003,"Grazie all'avvento dell'energia elettrica e alla sua crescente diffusione, le industrie proliferarono e stabilirono nuovi insediamenti alla periferia della città abbandonando definitivamente il quartiere San Donato e la zona precollinare, scelta obbligata fino a quando la forza motrice era relegata all'energia idraulica dei mulini e dei martinetti che sorgevano in quelle aree caratterizzate da forti dislivelli. Il quartiere San Salvario, a ridosso del Parco del Valentino e dove si svolsero le esposizioni di quegli anni, fu proprio uno dei primi a sviluppare nuovi isolati di stabilimenti industriali e di edilizia residenziale, talvolta modificando i prospetti di edifici già esistenti oppure richiedendo l'autorizzazione per delle varianti di progetto affinché si costruissero edifici dall'aspetto «contemporaneo». Oltre alle numerose «case da pigione» delle vicine via Pietro Giuria, via Saluzzo e via Madama Cristina, in San Salvario sorse anche Villa Javelli, l'abitazione torinese che D'Aronco progettò e fece costruire per sua moglie;"
San Salvario,"San Salvario, Circoscrizione 8, Torino, Piemonte, 10125, Italia",place,suburb,0.47500000000000003,"Il quartiere San Salvario, a ridosso del Parco del Valentino e dove si svolsero le esposizioni di quegli anni, fu proprio uno dei primi a sviluppare nuovi isolati di stabilimenti industriali e di edilizia residenziale, talvolta modificando i prospetti di edifici già esistenti oppure richiedendo l'autorizzazione per delle varianti di progetto affinché si costruissero edifici dall'aspetto «contemporaneo». Oltre alle numerose «case da pigione» delle vicine via Pietro Giuria, via Saluzzo e via Madama Cristina, in San Salvario sorse anche Villa Javelli, l'abitazione torinese che D'Aronco progettò e fece costruire per sua moglie; poco distante sorge anche il noto Villino Kind (1906), residenza dell'ingegnere svizzero Adolfo Kind, divenuto celebre in Italia per aver introdotto per primo il nuovo sport dello sci, nonché fondatore del primo club italiano, lo Ski Club Torino."
San Salvario,"San Salvario, Circoscrizione 8, Torino, Piemonte, 10125, Italia",place,suburb,0.47500000000000003,"Anche il mondo dell'industria, come già detto, non rimase indifferente alle inedite sinuosità dello stile liberty. Oltre alle concerie e ai birrifici progettati da Fenoglio in zona San Donato, nel quartiere San Salvario si trasferì nel 1903 anche la nuova sede dell'Impresa Porcheddu, così direttamente coinvolta dal fermento edilizio di questi decenni, essa occupò un basso fabbricato che sorgeva in corso Valentino 20, ovvero in corrispondenza dell'attuale ex sede FIAT di corso Marconi, sorta alla metà degli anni trenta del Novecento. Anche la nascente industria automobilistica rivestì il ruolo di committente;"
San Salvario,"San Salvario, Circoscrizione 8, Torino, Piemonte, 10125, Italia",place,suburb,0.47500000000000003,"Ulteriori esempi di edifici civili in stile neogotico sono evidenziabili nel vicino quartiere San Donato con il gruppo di case di via Piffetti, famose per i ferri battuti, le caratteristiche sfingi e le decorazioni a coda di pavone. Altri isolati esempi di neogotico di Giuseppe Gallo sono altresì presenti nella zona di San Salvario e nel quartiere Crocetta, dove svetta la Casa Lattes (1911), imponente esempio presso l'incrocio di via Sacchi e corso Sommelier. Nel quartiere Parella, invece, al tempo estrema periferia contornata dalla campagna, sorge il Palazzotto Arduino, un ricco esempio di neogotico realizzato dagli architetti Coppedé e Mesturino nel 1926, quando ormai l'avanguardia architettonica stava già sperimentando in città i primi esempi di razionalismo come, per esempio, Palazzo Gualino."
San Salvario,"San Salvario, Circoscrizione 8, Torino, Piemonte, 10125, Italia",place,suburb,0.47500000000000003,Gli edifici di maggiore interesse Mappa sinottica degli edifici in stile liberty a Torino.  Zona Centro Zona Crocetta Zona San Donato e Cit Turin Zona San Salvario e Parco del Valentino Zona San Paolo Zona Santa Rita Zona Aurora Zona Nord (Barriera di Milano) Zona Nord Ovest (Campidoglio e Lucento) Zona collinare (Borgo Po) 
Palazzo Bellia,"Palazzo Bellia, Via Venti Settembre, Centro, Circoscrizione 1, Torino, Piemonte, 1023, Italia",building,residential,0.3580839831692664,"Gli altri personaggi del liberty torinese Malgrado la connotazione principalmente barocca di scuola guariniana e juvarriana, il patrimonio architettonico della vecchia capitale sabauda conserva pressoché intatte ancora oggi importanti testimonianze liberty e la presenza di architetture di quell'epoca è ancora percepibile in alcune zone centrali del capoluogo come i quartieri del centro storico, la Crocetta, San Salvario, la collina ma con un'assoluta predominanza nell'area comprendente i quartieri  San Donato e Cit Turin. L'emblema di alcune prime sperimentazioni che, da un'impostazione ancora evidentemente eclettica tanto cara a Carlo Ceppi, lasciano comunque trasparire protostilemi liberty sono sicuramente Palazzo Bellia (1898) e Palazzo Priotti (1900). Qui il Ceppi, ha saputo fondere stilemi barocchi ed eclettici a sinuosità già liberty e, nel caso di Palazzo Bellia, ha fatto ampio uso di bovindi, torrette e archi trilobati, facendone uno degli edifici più caratteristici della centralissima via Pietro Micca."
Palazzo Bellia,"Palazzo Bellia, Via Venti Settembre, Centro, Circoscrizione 1, Torino, Piemonte, 1023, Italia",building,residential,0.3580839831692664,"L'emblema di alcune prime sperimentazioni che, da un'impostazione ancora evidentemente eclettica tanto cara a Carlo Ceppi, lasciano comunque trasparire protostilemi liberty sono sicuramente Palazzo Bellia (1898) e Palazzo Priotti (1900). Qui il Ceppi, ha saputo fondere stilemi barocchi ed eclettici a sinuosità già liberty e, nel caso di Palazzo Bellia, ha fatto ampio uso di bovindi, torrette e archi trilobati, facendone uno degli edifici più caratteristici della centralissima via Pietro Micca. Allievo di Carlo Ceppi, il prolifico Pietro Fenoglio costruì il suo successo sullo stile dichiaratamente liberty e la sua influenza stilistica contagiò numerosi altri architetti, alimentando una crescente e fruttuosa competizione che rese la stagione del liberty torinese degna di essere ricordata."
Parco del Valentino,"Parco del Valentino, Circoscrizione 8, Torino, Piemonte, Italia",leisure,park,0.6507105064618923,"Grazie all'avvento dell'energia elettrica e alla sua crescente diffusione, le industrie proliferarono e stabilirono nuovi insediamenti alla periferia della città abbandonando definitivamente il quartiere San Donato e la zona precollinare, scelta obbligata fino a quando la forza motrice era relegata all'energia idraulica dei mulini e dei martinetti che sorgevano in quelle aree caratterizzate da forti dislivelli. Il quartiere San Salvario, a ridosso del Parco del Valentino e dove si svolsero le esposizioni di quegli anni, fu proprio uno dei primi a sviluppare nuovi isolati di stabilimenti industriali e di edilizia residenziale, talvolta modificando i prospetti di edifici già esistenti oppure richiedendo l'autorizzazione per delle varianti di progetto affinché si costruissero edifici dall'aspetto «contemporaneo». Oltre alle numerose «case da pigione» delle vicine via Pietro Giuria, via Saluzzo e via Madama Cristina, in San Salvario sorse anche Villa Javelli, l'abitazione torinese che D'Aronco progettò e fece costruire per sua moglie;"
Parco del Valentino,"Parco del Valentino, Circoscrizione 8, Torino, Piemonte, Italia",leisure,park,0.6507105064618923,"Della stessa idea furono anche i maggiori esponenti della nobiltà e della finanza che, pur senza ricorrere al neogotico, per i loro edifici di rappresentanza predilessero uno stile neoclassico più sobrio, tradizionale e conservatore, come accadde per esempio per l'edificio eclettico delle Assicurazioni Generali Venezia in piazza Solferino, progettato dello stesso Pietro Fenoglio che tuttavia qui si piegò alle indiscutibili esigenze del committente. Oltre al ben noto Borgo Medievale del Parco del Valentino, gioiello frutto di un accurato studio delle vestigia medievali locali coordinato dall'architetto portoghese Alfredo d'Andrade, nell'elegante quartiere residenziale Cit Turin si possono notare degli ottimi esempi di architettura civile nelle opere commissionate da Carrera: la Casa della Vittoria (1918-20) di Gottardo Gussoni, insieme all'abitazione dello stesso Carrera, ne sono l'esempio di maggior rilevanza."
via Saluzzo,"Via Saluzzo, Maschere, Saluzzo, Cuneo, Piemonte, 12037, Italia",highway,primary,0.31,"Il quartiere San Salvario, a ridosso del Parco del Valentino e dove si svolsero le esposizioni di quegli anni, fu proprio uno dei primi a sviluppare nuovi isolati di stabilimenti industriali e di edilizia residenziale, talvolta modificando i prospetti di edifici già esistenti oppure richiedendo l'autorizzazione per delle varianti di progetto affinché si costruissero edifici dall'aspetto «contemporaneo». Oltre alle numerose «case da pigione» delle vicine via Pietro Giuria, via Saluzzo e via Madama Cristina, in San Salvario sorse anche Villa Javelli, l'abitazione torinese che D'Aronco progettò e fece costruire per sua moglie; poco distante sorge anche il noto Villino Kind (1906), residenza dell'ingegnere svizzero Adolfo Kind, divenuto celebre in Italia per aver introdotto per primo il nuovo sport dello sci, nonché fondatore del primo club italiano, lo Ski Club Torino."
Madama Cristina,"Madama Cristina, Via San Pio Quinto, San Salvario, Circoscrizione 8, Torino, Piemonte, 10125, Italia",amenity,cafe,0.201,"Il quartiere San Salvario, a ridosso del Parco del Valentino e dove si svolsero le esposizioni di quegli anni, fu proprio uno dei primi a sviluppare nuovi isolati di stabilimenti industriali e di edilizia residenziale, talvolta modificando i prospetti di edifici già esistenti oppure richiedendo l'autorizzazione per delle varianti di progetto affinché si costruissero edifici dall'aspetto «contemporaneo». Oltre alle numerose «case da pigione» delle vicine via Pietro Giuria, via Saluzzo e via Madama Cristina, in San Salvario sorse anche Villa Javelli, l'abitazione torinese che D'Aronco progettò e fece costruire per sua moglie; poco distante sorge anche il noto Villino Kind (1906), residenza dell'ingegnere svizzero Adolfo Kind, divenuto celebre in Italia per aver introdotto per primo il nuovo sport dello sci, nonché fondatore del primo club italiano, lo Ski Club Torino."
Scuola Allievi,"Scuola Allievi Agenti della Polizia di Stato Vincenzo Raiola, Guardiella, San Giovanni-Chiadino-Rozzol, Trieste, Friuli-Venezia Giulia, 34121-34151, Italia",landuse,military,0.39999999999999997,"essa trasferì l'attività nel 1906 alla periferia sud della città, nell'attuale corso Raffaello 17, in un fabbricato ancora ben riconoscibile per i varchi d'accesso contornati da grandi volute circolari in litocemento. La stessa FIAT, costituitasi a Torino proprio nel 1899, commissionò il suo primo stabilimento al giovane architetto Alfredo Premoli che, tra il 1904 e il 1906, in corso Dante Alighieri realizzò il complesso comprendente la Scuola Allievi e la prima fabbrica, il cui edificio è vistosamente incorniciato da motivi floreali stilizzati sugli angoli delle cimase in litocemento sulla sommità che riportano l'acronimo della casa automobilistica torinese. Significativa è anche la Galleria dell'Industria Subalpina, struttura ispirata ai tipici passages parigini seppur ancora reduce di un gusto eclettico, che ospitava il celebre Caffè Romano e dove si affaccia l'elegante Caffè Baratti & Milano, ristrutturato nel 1909;"
Galleria dell'Industria Subalpina,"Galleria dell'Industria Subalpina, Centro, Circoscrizione 1, Torino, Piemonte, 1023, Italia",highway,footway,0.6031303339921358,"La stessa FIAT, costituitasi a Torino proprio nel 1899, commissionò il suo primo stabilimento al giovane architetto Alfredo Premoli che, tra il 1904 e il 1906, in corso Dante Alighieri realizzò il complesso comprendente la Scuola Allievi e la prima fabbrica, il cui edificio è vistosamente incorniciato da motivi floreali stilizzati sugli angoli delle cimase in litocemento sulla sommità che riportano l'acronimo della casa automobilistica torinese. Significativa è anche la Galleria dell'Industria Subalpina, struttura ispirata ai tipici passages parigini seppur ancora reduce di un gusto eclettico, che ospitava il celebre Caffè Romano e dove si affaccia l'elegante Caffè Baratti & Milano, ristrutturato nel 1909; il suo ingresso dai portici di piazza Castello esibisce una ricca cornice in marmo impreziosita da bassorilievi bronzei e interni riccamente lavorati, con ampio utilizzo di tarsìe marmoree e stucchi."
Caffè Romano,"Caffe Romano, 12, Shandwick Place, Haymarket, West End, City of Edinburgh, Alba / Scotland, EH2 4RN, United Kingdom",amenity,restaurant,0.101,"La stessa FIAT, costituitasi a Torino proprio nel 1899, commissionò il suo primo stabilimento al giovane architetto Alfredo Premoli che, tra il 1904 e il 1906, in corso Dante Alighieri realizzò il complesso comprendente la Scuola Allievi e la prima fabbrica, il cui edificio è vistosamente incorniciato da motivi floreali stilizzati sugli angoli delle cimase in litocemento sulla sommità che riportano l'acronimo della casa automobilistica torinese. Significativa è anche la Galleria dell'Industria Subalpina, struttura ispirata ai tipici passages parigini seppur ancora reduce di un gusto eclettico, che ospitava il celebre Caffè Romano e dove si affaccia l'elegante Caffè Baratti & Milano, ristrutturato nel 1909; il suo ingresso dai portici di piazza Castello esibisce una ricca cornice in marmo impreziosita da bassorilievi bronzei e interni riccamente lavorati, con ampio utilizzo di tarsìe marmoree e stucchi."
piazza Castello,"Piazza Castello, Centro, Circoscrizione 1, Torino, Piemonte, 1023, Italia",highway,tertiary,0.5224057754348258,"Significativa è anche la Galleria dell'Industria Subalpina, struttura ispirata ai tipici passages parigini seppur ancora reduce di un gusto eclettico, che ospitava il celebre Caffè Romano e dove si affaccia l'elegante Caffè Baratti & Milano, ristrutturato nel 1909; il suo ingresso dai portici di piazza Castello esibisce una ricca cornice in marmo impreziosita da bassorilievi bronzei e interni riccamente lavorati, con ampio utilizzo di tarsìe marmoree e stucchi. Nel quartiere Crocetta si può invece ammirare la notevole Casa Maffei (1905), con ringhiere e ferri battuti del maestro lombardo Alessandro Mazzucotelli, su progetto di Antonio Vandone di Cortemilia;"
Casa Maffei,"casa Maffei, Via Baron de Menghin, Rivo, Brez, Novella, Comunità della Val di Non, Provincia di Trento, Trentino-Alto Adige/Südtirol, 38021, Italia",building,yes,0.201,"il suo ingresso dai portici di piazza Castello esibisce una ricca cornice in marmo impreziosita da bassorilievi bronzei e interni riccamente lavorati, con ampio utilizzo di tarsìe marmoree e stucchi. Nel quartiere Crocetta si può invece ammirare la notevole Casa Maffei (1905), con ringhiere e ferri battuti del maestro lombardo Alessandro Mazzucotelli, su progetto di Antonio Vandone di Cortemilia; altri suoi esempi da menzionare sono alcuni palazzi di corso Galileo Ferraris e corso Re Umberto, caratteristici per i decori fitomorfi e l'ampio impiego di vetri colorati e ferro battuto."
Caffè Mulassano,"Caffè Mulassano, 15, Piazza Castello, Centro, Circoscrizione 1, Torino, Piemonte, 10123, Italia",amenity,cafe,0.201,"Tuttavia l'architetto Vandone di Cortemilia si dedicò anche a locali commerciali: da citare doverosamente troviamo il Caffè Mulassano nella centralissima piazza Castello, le cui dimensioni ridotte non fanno tuttavia sfigurare le eleganti boiseries e specchi, il soffitto a cassettoni in legno e cuoio e le numerose decorazioni in bronzo. Ulteriori opere di Vandone di Cortemilia sono presenti anche presso il Cimitero Monumentale, insieme ad altre opere di L. Bistolfi, D. Calandra, G. Casanova, C. Fumagalli, E. Rubino e A. Mazzucotelli."
Cimitero Monumentale,"Cimitero Monumentale, Via Valtellina, Farini, Municipio 9, Milano, Lombardia, 20159, Italia",tourism,attraction,0.609150861243221,"da citare doverosamente troviamo il Caffè Mulassano nella centralissima piazza Castello, le cui dimensioni ridotte non fanno tuttavia sfigurare le eleganti boiseries e specchi, il soffitto a cassettoni in legno e cuoio e le numerose decorazioni in bronzo. Ulteriori opere di Vandone di Cortemilia sono presenti anche presso il Cimitero Monumentale, insieme ad altre opere di L. Bistolfi, D. Calandra, G. Casanova, C. Fumagalli, E. Rubino e A. Mazzucotelli. In zona San Donato, oltre alla vistosissima Casa Fenoglio, in via Piffetti vi sono due esempi databili 1908, opera di Giovanni Gribodo e poco distante vi sono altri esemplari di edifici liberty in via Durandi, via Cibrario e ancora in via Piffetti, al civico 35;"
via Durandi,"Via Jacopo Durandi, San Donato, Circoscrizione 4, Torino, Piemonte, 10143, Italia",highway,residential,0.3,"Ulteriori opere di Vandone di Cortemilia sono presenti anche presso il Cimitero Monumentale, insieme ad altre opere di L. Bistolfi, D. Calandra, G. Casanova, C. Fumagalli, E. Rubino e A. Mazzucotelli. In zona San Donato, oltre alla vistosissima Casa Fenoglio, in via Piffetti vi sono due esempi databili 1908, opera di Giovanni Gribodo e poco distante vi sono altri esemplari di edifici liberty in via Durandi, via Cibrario e ancora in via Piffetti, al civico 35; mentre di Giovan Battista Benazzo sono Casa Tasca (1903), che ostenta decori floreali, motivi geometrici circolari e ricche decorazioni in ferro battuto per ringhiere e finestre."
Casa Tasca,"Casa Tasca, Via Claudio Beaumont, San Donato, Circoscrizione 4, Torino, Piemonte, 10144, Italia",building,residential,0.201,"In zona San Donato, oltre alla vistosissima Casa Fenoglio, in via Piffetti vi sono due esempi databili 1908, opera di Giovanni Gribodo e poco distante vi sono altri esemplari di edifici liberty in via Durandi, via Cibrario e ancora in via Piffetti, al civico 35; mentre di Giovan Battista Benazzo sono Casa Tasca (1903), che ostenta decori floreali, motivi geometrici circolari e ricche decorazioni in ferro battuto per ringhiere e finestre. Nel confinante quartiere Cìt Turìn, lungo via Duchessa Jolanda, sorgono due palazzi progettati da Gottardo Gussoni, chiari esempi di tardo liberty databili 1914;"
Cìt Turìn,"Cit Turin, Circoscrizione 3, Torino, Piemonte, 10138, Italia",place,suburb,0.275,"mentre di Giovan Battista Benazzo sono Casa Tasca (1903), che ostenta decori floreali, motivi geometrici circolari e ricche decorazioni in ferro battuto per ringhiere e finestre. Nel confinante quartiere Cìt Turìn, lungo via Duchessa Jolanda, sorgono due palazzi progettati da Gottardo Gussoni, chiari esempi di tardo liberty databili 1914; analogamente, anche gli edifici nella retrostante via Susa ripropongono la medesima impostazione:"
Duchessa Jolanda,"Duchessa Jolanda, Via Goffredo Casalis, Cit Turin, Circoscrizione 3, Torino, Piemonte, 10138, Italia",highway,bus_stop,0.201,"mentre di Giovan Battista Benazzo sono Casa Tasca (1903), che ostenta decori floreali, motivi geometrici circolari e ricche decorazioni in ferro battuto per ringhiere e finestre. Nel confinante quartiere Cìt Turìn, lungo via Duchessa Jolanda, sorgono due palazzi progettati da Gottardo Gussoni, chiari esempi di tardo liberty databili 1914; analogamente, anche gli edifici nella retrostante via Susa ripropongono la medesima impostazione:"
Ufficio,"Ufficio, 1214, Dundas Street West, Ossington, Spadina—Fort York, Old Toronto, Toronto, Golden Horseshoe, Ontario, M6H 1Y3, Canada",amenity,restaurant,0.11100000000000002,"due ingegneri al servizio dell'amministrazione pubblica La stagione del liberty torinese fu caratterizzata anche da una cospicua realizzazione di edifici pubblici tra cui scuole, uffici e bagni pubblici. In questo settore dell'amministrazione locale emersero illustri esponenti tra cui dapprima l'ingegnere Daniele Donghi, già professore ordinario di Architettura tecnica a Milano e Padova, che per circa quindici anni fu a capo dell'Ufficio tecnico dei Lavori pubblici, carica che lasciò alla volta dell'analogo incarico presso il Comune di Padova, quello di Venezia, divenendo infine direttore della filiale milanese dell'Impresa Porcheddu di Torino. A Donghi subentrò l'ingegner Camillo Dolza che firmò i più importanti progetti di edilizia pubblica torinese dei primi decenni del Novecento, tra cui si contano l'imponente edificio dell'istituto superiore femminile magistrale ""V. Monti"" di corso Galileo Ferraris 11 (1900), i primi Bagni Municipali di via G. Saccarelli (1901), quelli di via O. Morgari (1905), quelli di borgo Vanchiglia (1910), il Palazzo Poste e Telegrafi di via Alfieri (1908) e la nuova scuola elementare ""Santorre di Santarosa"" di via Braccini (1920)."
Comune di Padova,"Comune di Padova, Via Frà Giovanni Eremitano, Isola San Giacomo, Padova, Veneto, 35100, Italia",amenity,public_building,0.31100000000000005,"due ingegneri al servizio dell'amministrazione pubblica La stagione del liberty torinese fu caratterizzata anche da una cospicua realizzazione di edifici pubblici tra cui scuole, uffici e bagni pubblici. In questo settore dell'amministrazione locale emersero illustri esponenti tra cui dapprima l'ingegnere Daniele Donghi, già professore ordinario di Architettura tecnica a Milano e Padova, che per circa quindici anni fu a capo dell'Ufficio tecnico dei Lavori pubblici, carica che lasciò alla volta dell'analogo incarico presso il Comune di Padova, quello di Venezia, divenendo infine direttore della filiale milanese dell'Impresa Porcheddu di Torino. A Donghi subentrò l'ingegner Camillo Dolza che firmò i più importanti progetti di edilizia pubblica torinese dei primi decenni del Novecento, tra cui si contano l'imponente edificio dell'istituto superiore femminile magistrale ""V. Monti"" di corso Galileo Ferraris 11 (1900), i primi Bagni Municipali di via G. Saccarelli (1901), quelli di via O. Morgari (1905), quelli di borgo Vanchiglia (1910), il Palazzo Poste e Telegrafi di via Alfieri (1908) e la nuova scuola elementare ""Santorre di Santarosa"" di via Braccini (1920)."
Bagni Municipali,"Ex Bagni Municipali di San Secondo, Via Legnano, Crocetta, Circoscrizione 1, Torino, Piemonte, 10128, Italia",building,public,0.201,"In questo settore dell'amministrazione locale emersero illustri esponenti tra cui dapprima l'ingegnere Daniele Donghi, già professore ordinario di Architettura tecnica a Milano e Padova, che per circa quindici anni fu a capo dell'Ufficio tecnico dei Lavori pubblici, carica che lasciò alla volta dell'analogo incarico presso il Comune di Padova, quello di Venezia, divenendo infine direttore della filiale milanese dell'Impresa Porcheddu di Torino. A Donghi subentrò l'ingegner Camillo Dolza che firmò i più importanti progetti di edilizia pubblica torinese dei primi decenni del Novecento, tra cui si contano l'imponente edificio dell'istituto superiore femminile magistrale ""V. Monti"" di corso Galileo Ferraris 11 (1900), i primi Bagni Municipali di via G. Saccarelli (1901), quelli di via O. Morgari (1905), quelli di borgo Vanchiglia (1910), il Palazzo Poste e Telegrafi di via Alfieri (1908) e la nuova scuola elementare ""Santorre di Santarosa"" di via Braccini (1920). Il neogotico e i detrattori del liberty Parallelamente al naturalismo talvolta esasperato del liberty, la corrente del neogotico continuò a essere lo stile prediletto della aristocrazia e della committenza di gusto più conservatore e tradizionalista;"
via O. Morgari,"Via O. Morgari, Tetti Griglio, Bruino, Torino, Piemonte, 10045, Italia",highway,residential,0.4,"In questo settore dell'amministrazione locale emersero illustri esponenti tra cui dapprima l'ingegnere Daniele Donghi, già professore ordinario di Architettura tecnica a Milano e Padova, che per circa quindici anni fu a capo dell'Ufficio tecnico dei Lavori pubblici, carica che lasciò alla volta dell'analogo incarico presso il Comune di Padova, quello di Venezia, divenendo infine direttore della filiale milanese dell'Impresa Porcheddu di Torino. A Donghi subentrò l'ingegner Camillo Dolza che firmò i più importanti progetti di edilizia pubblica torinese dei primi decenni del Novecento, tra cui si contano l'imponente edificio dell'istituto superiore femminile magistrale ""V. Monti"" di corso Galileo Ferraris 11 (1900), i primi Bagni Municipali di via G. Saccarelli (1901), quelli di via O. Morgari (1905), quelli di borgo Vanchiglia (1910), il Palazzo Poste e Telegrafi di via Alfieri (1908) e la nuova scuola elementare ""Santorre di Santarosa"" di via Braccini (1920). Il neogotico e i detrattori del liberty Parallelamente al naturalismo talvolta esasperato del liberty, la corrente del neogotico continuò a essere lo stile prediletto della aristocrazia e della committenza di gusto più conservatore e tradizionalista;"
Vanchiglia,"Vanchiglia, Circoscrizione 7, Torino, Piemonte, 10124, Italia",place,suburb,0.35232784765903635,"In questo settore dell'amministrazione locale emersero illustri esponenti tra cui dapprima l'ingegnere Daniele Donghi, già professore ordinario di Architettura tecnica a Milano e Padova, che per circa quindici anni fu a capo dell'Ufficio tecnico dei Lavori pubblici, carica che lasciò alla volta dell'analogo incarico presso il Comune di Padova, quello di Venezia, divenendo infine direttore della filiale milanese dell'Impresa Porcheddu di Torino. A Donghi subentrò l'ingegner Camillo Dolza che firmò i più importanti progetti di edilizia pubblica torinese dei primi decenni del Novecento, tra cui si contano l'imponente edificio dell'istituto superiore femminile magistrale ""V. Monti"" di corso Galileo Ferraris 11 (1900), i primi Bagni Municipali di via G. Saccarelli (1901), quelli di via O. Morgari (1905), quelli di borgo Vanchiglia (1910), il Palazzo Poste e Telegrafi di via Alfieri (1908) e la nuova scuola elementare ""Santorre di Santarosa"" di via Braccini (1920). Il neogotico e i detrattori del liberty Parallelamente al naturalismo talvolta esasperato del liberty, la corrente del neogotico continuò a essere lo stile prediletto della aristocrazia e della committenza di gusto più conservatore e tradizionalista;"
Palazzo Poste,"Poste, 45a, Via Borgo Palazzo, Borgo Palazzo, Bergamo, Lombardia, 24125, Italia",amenity,post_office,0.21100000000000002,"In questo settore dell'amministrazione locale emersero illustri esponenti tra cui dapprima l'ingegnere Daniele Donghi, già professore ordinario di Architettura tecnica a Milano e Padova, che per circa quindici anni fu a capo dell'Ufficio tecnico dei Lavori pubblici, carica che lasciò alla volta dell'analogo incarico presso il Comune di Padova, quello di Venezia, divenendo infine direttore della filiale milanese dell'Impresa Porcheddu di Torino. A Donghi subentrò l'ingegner Camillo Dolza che firmò i più importanti progetti di edilizia pubblica torinese dei primi decenni del Novecento, tra cui si contano l'imponente edificio dell'istituto superiore femminile magistrale ""V. Monti"" di corso Galileo Ferraris 11 (1900), i primi Bagni Municipali di via G. Saccarelli (1901), quelli di via O. Morgari (1905), quelli di borgo Vanchiglia (1910), il Palazzo Poste e Telegrafi di via Alfieri (1908) e la nuova scuola elementare ""Santorre di Santarosa"" di via Braccini (1920). Il neogotico e i detrattori del liberty Parallelamente al naturalismo talvolta esasperato del liberty, la corrente del neogotico continuò a essere lo stile prediletto della aristocrazia e della committenza di gusto più conservatore e tradizionalista;"
Telegrafi,"Telegrafi, 34, Rexhep Mala, Mahalla e Muhaxherëve, Prishtinë, Komuna e Prishtinës / Opština Priština, 10000, Kosova / Kosovo",office,newspaper,0.11100000000000002,"In questo settore dell'amministrazione locale emersero illustri esponenti tra cui dapprima l'ingegnere Daniele Donghi, già professore ordinario di Architettura tecnica a Milano e Padova, che per circa quindici anni fu a capo dell'Ufficio tecnico dei Lavori pubblici, carica che lasciò alla volta dell'analogo incarico presso il Comune di Padova, quello di Venezia, divenendo infine direttore della filiale milanese dell'Impresa Porcheddu di Torino. A Donghi subentrò l'ingegner Camillo Dolza che firmò i più importanti progetti di edilizia pubblica torinese dei primi decenni del Novecento, tra cui si contano l'imponente edificio dell'istituto superiore femminile magistrale ""V. Monti"" di corso Galileo Ferraris 11 (1900), i primi Bagni Municipali di via G. Saccarelli (1901), quelli di via O. Morgari (1905), quelli di borgo Vanchiglia (1910), il Palazzo Poste e Telegrafi di via Alfieri (1908) e la nuova scuola elementare ""Santorre di Santarosa"" di via Braccini (1920). Il neogotico e i detrattori del liberty Parallelamente al naturalismo talvolta esasperato del liberty, la corrente del neogotico continuò a essere lo stile prediletto della aristocrazia e della committenza di gusto più conservatore e tradizionalista;"
piazza Solferino,"Piazza Solferino, Centro, Circoscrizione 1, Torino, Piemonte, Italia",highway,pedestrian,0.42086087037378794,"al contrario nel neogotico egli avvertiva un sano «ritorno all'ordine» che poneva al riparo da pericolose avanguardie stilistiche troppo audaci. Della stessa idea furono anche i maggiori esponenti della nobiltà e della finanza che, pur senza ricorrere al neogotico, per i loro edifici di rappresentanza predilessero uno stile neoclassico più sobrio, tradizionale e conservatore, come accadde per esempio per l'edificio eclettico delle Assicurazioni Generali Venezia in piazza Solferino, progettato dello stesso Pietro Fenoglio che tuttavia qui si piegò alle indiscutibili esigenze del committente. Oltre al ben noto Borgo Medievale del Parco del Valentino, gioiello frutto di un accurato studio delle vestigia medievali locali coordinato dall'architetto portoghese Alfredo d'Andrade, nell'elegante quartiere residenziale Cit Turin si possono notare degli ottimi esempi di architettura civile nelle opere commissionate da Carrera:"
Casa della Vittoria,"Casa della Vittoria, Via Pietro Palmieri, Cit Turin, Circoscrizione 3, Torino, Piemonte, 10138, Italia",building,residential,0.4419138440405379,"Oltre al ben noto Borgo Medievale del Parco del Valentino, gioiello frutto di un accurato studio delle vestigia medievali locali coordinato dall'architetto portoghese Alfredo d'Andrade, nell'elegante quartiere residenziale Cit Turin si possono notare degli ottimi esempi di architettura civile nelle opere commissionate da Carrera: la Casa della Vittoria (1918-20) di Gottardo Gussoni, insieme all'abitazione dello stesso Carrera, ne sono l'esempio di maggior rilevanza. Sempre nel medesimo quartiere è degno di nota anche l'operato dell'architetto Giuseppe Gallo, a cui si deve il progetto della chiesa dedicata a Gesù Nazareno affacciata su piazza Martini."
piazza Martini,"Piazza Martini, Igrèsias/Iglesias, Sulcis Iglesiente, Sardigna/Sardegna, 09016, Italia",place,square,0.325,"la Casa della Vittoria (1918-20) di Gottardo Gussoni, insieme all'abitazione dello stesso Carrera, ne sono l'esempio di maggior rilevanza. Sempre nel medesimo quartiere è degno di nota anche l'operato dell'architetto Giuseppe Gallo, a cui si deve il progetto della chiesa dedicata a Gesù Nazareno affacciata su piazza Martini. Ulteriori esempi di edifici civili in stile neogotico sono evidenziabili nel vicino quartiere San Donato con il gruppo di case di via Piffetti, famose per i ferri battuti, le caratteristiche sfingi e le decorazioni a coda di pavone."
Sommelier,"Sommelier, Via Paolo Sacchi, Crocetta, Circoscrizione 1, Torino, Piemonte, 10128, Italia",railway,tram_stop,0.11100000000000002,"Ulteriori esempi di edifici civili in stile neogotico sono evidenziabili nel vicino quartiere San Donato con il gruppo di case di via Piffetti, famose per i ferri battuti, le caratteristiche sfingi e le decorazioni a coda di pavone. Altri isolati esempi di neogotico di Giuseppe Gallo sono altresì presenti nella zona di San Salvario e nel quartiere Crocetta, dove svetta la Casa Lattes (1911), imponente esempio presso l'incrocio di via Sacchi e corso Sommelier. Nel quartiere Parella, invece, al tempo estrema periferia contornata dalla campagna, sorge il Palazzotto Arduino, un ricco esempio di neogotico realizzato dagli architetti Coppedé e Mesturino nel 1926, quando ormai l'avanguardia architettonica stava già sperimentando in città i primi esempi di razionalismo come, per esempio, Palazzo Gualino."
Palazzotto Arduino,"Palazzotto Arduino, Corso Lecce, Martinetto, Circoscrizione 4, Torino, Piemonte, 10145, Italia",building,yes,0.201,"Altri isolati esempi di neogotico di Giuseppe Gallo sono altresì presenti nella zona di San Salvario e nel quartiere Crocetta, dove svetta la Casa Lattes (1911), imponente esempio presso l'incrocio di via Sacchi e corso Sommelier. Nel quartiere Parella, invece, al tempo estrema periferia contornata dalla campagna, sorge il Palazzotto Arduino, un ricco esempio di neogotico realizzato dagli architetti Coppedé e Mesturino nel 1926, quando ormai l'avanguardia architettonica stava già sperimentando in città i primi esempi di razionalismo come, per esempio, Palazzo Gualino.  La parabola finale del liberty, l'avvento dell'art déco e il neoliberty L'art déco Mentre gli orrori della prima guerra mondiale decretarono, non soltanto simbolicamente, la fine della spensierata stagione del liberty, nel corso del secondo decennio del Novecento il tema della «funzione» prevalse sulla «forma» e l'art déco fu una sorta di sinossi stilistica che vide trasformare le sue sinuose audacie in stilemi più rigorosi che anticiparono, anche se di poco, i caratteri principali del razionalismo;"
Palazzo Gualino,"Palazzo Gualino, Corso Vittorio Emanuele II, Centro, Circoscrizione 1, Torino, Piemonte, 10123, Italia",building,apartments,0.39838704036871175,"Altri isolati esempi di neogotico di Giuseppe Gallo sono altresì presenti nella zona di San Salvario e nel quartiere Crocetta, dove svetta la Casa Lattes (1911), imponente esempio presso l'incrocio di via Sacchi e corso Sommelier. Nel quartiere Parella, invece, al tempo estrema periferia contornata dalla campagna, sorge il Palazzotto Arduino, un ricco esempio di neogotico realizzato dagli architetti Coppedé e Mesturino nel 1926, quando ormai l'avanguardia architettonica stava già sperimentando in città i primi esempi di razionalismo come, per esempio, Palazzo Gualino.  La parabola finale del liberty, l'avvento dell'art déco e il neoliberty L'art déco Mentre gli orrori della prima guerra mondiale decretarono, non soltanto simbolicamente, la fine della spensierata stagione del liberty, nel corso del secondo decennio del Novecento il tema della «funzione» prevalse sulla «forma» e l'art déco fu una sorta di sinossi stilistica che vide trasformare le sue sinuose audacie in stilemi più rigorosi che anticiparono, anche se di poco, i caratteri principali del razionalismo;"
via Bossi,"Via Bossi, Maccagno Inferiore, Maccagno con Pino e Veddasca, Comunità Montana Valli del Verbano, Varese, Lombardia, 21016, Italia",highway,residential,0.3,"il suo apparato decorativo, ormai privo di decorazioni floreali, è caratterizzato da cornici e motivi odivaghi alternati a superfici piane; stesso dicasi per l'edificio accanto, all'angolo con la vicina via Bossi. Altro esempio di art déco fu l'edificio che sorse all'angolo di corso Vittorio Emanuele II che venne realizzato nel 1926 su progetto di dell'ingegner Bonadè-Bottino per ospitare il Palazzo del Cinema, in seguito Cinema Corso, al tempo la sala cinematografica più grande d'Italia;"
Palazzo del Cinema,"Palazzo del Cinema, Lungomare Guglielmo Marconi, Lido-Pellestrina, Lido, Venezia, Veneto, 30126, Italia",amenity,cinema,0.5411073642248938,"stesso dicasi per l'edificio accanto, all'angolo con la vicina via Bossi. Altro esempio di art déco fu l'edificio che sorse all'angolo di corso Vittorio Emanuele II che venne realizzato nel 1926 su progetto di dell'ingegner Bonadè-Bottino per ospitare il Palazzo del Cinema, in seguito Cinema Corso, al tempo la sala cinematografica più grande d'Italia; malgrado la sua distruzione in un incendio nel 9 marzo 1980 la caratteristica facciata con accesso angolare sormontata da una cupola venne conservata e l'edificio fu destinato a differente uso, su progetto dell'architetto Pier Paolo Maggiora."
Stadium,"Stadium, 3, Stadium Walk, Kallang, Singapore, Southeast, 397692, Singapore",railway,station,0.49889540333139504,"In piazza Solferino, invece sorge un altro esempio dalle forme sobrie ed eleganti realizzato nel 1928 su progetto di Giuseppe Momo, come sede della Società Anonima Edile Torinese,Un altro autore torinese che si affermò per le sue opere déco fu l'architetto Vittorio Eugenio Ballatore di Rosana. Già autore del motovelodromo di vaga ispirazione liberty e dello Stadium, egli si distinse per la progettazione delle Torri Rivella, la coppia di edifici posti nell'omonimo slargo all'incrocio di corso Regina Margherita e corso Regio Parco, nonché l'imponente edificio dell'Istituto Elettrotecnico Nazionale ""Galileo Ferraris"", di corso Massimo d'Azeglio e un gruppo di edifici a ridosso di piazza Bernini.  Il neoliberty e la rivalutazione postuma del liberty torinese Negli anni cinquanta del Novecento il liberty ebbe una sorta di reinterpretazione da parte di alcuni esponenti dell'architettura torinese dell'epoca tra cui Roberto Gabetti, Aimaro Isola, Sergio Jaretti ed Elio Luzi e altresì lo studio milanese BBPR che, per la loro rilettura degli stilemi floreali e strutturali, indussero il critico Paolo Portoghesi a definire tale fenomeno neoliberty."
Regio Parco,"Regio Parco, Circoscrizione 6, Torino, Piemonte, Italia",place,suburb,0.47500000000000003,"In piazza Solferino, invece sorge un altro esempio dalle forme sobrie ed eleganti realizzato nel 1928 su progetto di Giuseppe Momo, come sede della Società Anonima Edile Torinese,Un altro autore torinese che si affermò per le sue opere déco fu l'architetto Vittorio Eugenio Ballatore di Rosana. Già autore del motovelodromo di vaga ispirazione liberty e dello Stadium, egli si distinse per la progettazione delle Torri Rivella, la coppia di edifici posti nell'omonimo slargo all'incrocio di corso Regina Margherita e corso Regio Parco, nonché l'imponente edificio dell'Istituto Elettrotecnico Nazionale ""Galileo Ferraris"", di corso Massimo d'Azeglio e un gruppo di edifici a ridosso di piazza Bernini.  Il neoliberty e la rivalutazione postuma del liberty torinese Negli anni cinquanta del Novecento il liberty ebbe una sorta di reinterpretazione da parte di alcuni esponenti dell'architettura torinese dell'epoca tra cui Roberto Gabetti, Aimaro Isola, Sergio Jaretti ed Elio Luzi e altresì lo studio milanese BBPR che, per la loro rilettura degli stilemi floreali e strutturali, indussero il critico Paolo Portoghesi a definire tale fenomeno neoliberty."
piazza Bernini,"Piazza Bernini, Buenos Aires - Venezia, Municipio 3, Milano, Lombardia, Italia",landuse,grass,0.39999999999999997,"In piazza Solferino, invece sorge un altro esempio dalle forme sobrie ed eleganti realizzato nel 1928 su progetto di Giuseppe Momo, come sede della Società Anonima Edile Torinese,Un altro autore torinese che si affermò per le sue opere déco fu l'architetto Vittorio Eugenio Ballatore di Rosana. Già autore del motovelodromo di vaga ispirazione liberty e dello Stadium, egli si distinse per la progettazione delle Torri Rivella, la coppia di edifici posti nell'omonimo slargo all'incrocio di corso Regina Margherita e corso Regio Parco, nonché l'imponente edificio dell'Istituto Elettrotecnico Nazionale ""Galileo Ferraris"", di corso Massimo d'Azeglio e un gruppo di edifici a ridosso di piazza Bernini.  Il neoliberty e la rivalutazione postuma del liberty torinese Negli anni cinquanta del Novecento il liberty ebbe una sorta di reinterpretazione da parte di alcuni esponenti dell'architettura torinese dell'epoca tra cui Roberto Gabetti, Aimaro Isola, Sergio Jaretti ed Elio Luzi e altresì lo studio milanese BBPR che, per la loro rilettura degli stilemi floreali e strutturali, indussero il critico Paolo Portoghesi a definire tale fenomeno neoliberty."
Casa dell'Obelisco,"Casa dell'Obelisco, Via Bicocca, Borgo Po, Circoscrizione 8, Torino, Piemonte, 10123, Italia",building,apartments,0.30100000000000005," Il neoliberty e la rivalutazione postuma del liberty torinese Negli anni cinquanta del Novecento il liberty ebbe una sorta di reinterpretazione da parte di alcuni esponenti dell'architettura torinese dell'epoca tra cui Roberto Gabetti, Aimaro Isola, Sergio Jaretti ed Elio Luzi e altresì lo studio milanese BBPR che, per la loro rilettura degli stilemi floreali e strutturali, indussero il critico Paolo Portoghesi a definire tale fenomeno neoliberty. Di Jaretti e Luzi è emblematica la cosiddetta Casa dell'Obelisco, dove emergono con raffinata ironia colti riferimenti stilistici che conducono a una rivisitazione dei materiali da costruzione, riproponendo l'utilizzo del litocemento per elementi decorativi che caratterizzano tutti i sinuosi prospetti dell'edificio marcatamente scanditi da rilievi orizzontali sovrapposti che richiamano le morfologie moderniste di Gaudí. Sempre nella zona collinare di Borgo Po, all'inizio degli anni duemila, è comparso un eccentrico edificio unifamiliare progettato dell'architetto torinese Alessandro Celli."
Borgo Po,"Borgo Po, Circoscrizione 8, Torino, Piemonte, Italia",place,suburb,0.47500000000000003,"Di Jaretti e Luzi è emblematica la cosiddetta Casa dell'Obelisco, dove emergono con raffinata ironia colti riferimenti stilistici che conducono a una rivisitazione dei materiali da costruzione, riproponendo l'utilizzo del litocemento per elementi decorativi che caratterizzano tutti i sinuosi prospetti dell'edificio marcatamente scanditi da rilievi orizzontali sovrapposti che richiamano le morfologie moderniste di Gaudí. Sempre nella zona collinare di Borgo Po, all'inizio degli anni duemila, è comparso un eccentrico edificio unifamiliare progettato dell'architetto torinese Alessandro Celli.  Egli nel 2002 ha progettato per il suo committente Villa Grivet Brancot, ovvero un autentico «falso architettonico» che si ispira ai maggiori stilemi liberty torinesi."
Borgo Po,"Borgo Po, Circoscrizione 8, Torino, Piemonte, Italia",place,suburb,0.47500000000000003,Gli edifici di maggiore interesse Mappa sinottica degli edifici in stile liberty a Torino.  Zona Centro Zona Crocetta Zona San Donato e Cit Turin Zona San Salvario e Parco del Valentino Zona San Paolo Zona Santa Rita Zona Aurora Zona Nord (Barriera di Milano) Zona Nord Ovest (Campidoglio e Lucento) Zona collinare (Borgo Po) 
Villa Grivet Brancot,"Le Baite del Buric, Frazione Ritornato, Corio, Unione Montana di Comuni delle Valli di Lanzo, Ceronda e Casternone, Torino, Piemonte, 10070, Italia",tourism,apartment,0.001,"Sempre nella zona collinare di Borgo Po, all'inizio degli anni duemila, è comparso un eccentrico edificio unifamiliare progettato dell'architetto torinese Alessandro Celli.  Egli nel 2002 ha progettato per il suo committente Villa Grivet Brancot, ovvero un autentico «falso architettonico» che si ispira ai maggiori stilemi liberty torinesi. L'abitazione della famiglia Grivet Brancot è caratterizzata da un ricco apparato decorativo costituito da litocemento, cornici, decorazioni e ferri battuti che sembrano davvero appartenere al repertorio fenogliano ma che invece sono il frutto di un'attenta ricerca contemporanea di maestranze e di materiale filologicamente coerenti con l'epoca liberty e a suo perpetuo omaggio."
Grivet Brancot,"Le Baite del Buric, Frazione Ritornato, Corio, Unione Montana di Comuni delle Valli di Lanzo, Ceronda e Casternone, Torino, Piemonte, 10070, Italia",tourism,apartment,0.001," Egli nel 2002 ha progettato per il suo committente Villa Grivet Brancot, ovvero un autentico «falso architettonico» che si ispira ai maggiori stilemi liberty torinesi. L'abitazione della famiglia Grivet Brancot è caratterizzata da un ricco apparato decorativo costituito da litocemento, cornici, decorazioni e ferri battuti che sembrano davvero appartenere al repertorio fenogliano ma che invece sono il frutto di un'attenta ricerca contemporanea di maestranze e di materiale filologicamente coerenti con l'epoca liberty e a suo perpetuo omaggio. Gli edifici di maggiore interesse Mappa sinottica degli edifici in stile liberty a Torino."
Barriera di Milano,"Barriera di Milano, Circoscrizione 6, Torino, Piemonte, Italia",place,suburb,0.5750000000000001,Gli edifici di maggiore interesse Mappa sinottica degli edifici in stile liberty a Torino.  Zona Centro Zona Crocetta Zona San Donato e Cit Turin Zona San Salvario e Parco del Valentino Zona San Paolo Zona Santa Rita Zona Aurora Zona Nord (Barriera di Milano) Zona Nord Ovest (Campidoglio e Lucento) Zona collinare (Borgo Po) 
Zona Nord Ovest,"Condominio Ovest, Borgo Trento, Zona Nord, Brescia, Lombardia, Italia",landuse,residential,0.5,Gli edifici di maggiore interesse Mappa sinottica degli edifici in stile liberty a Torino.  Zona Centro Zona Crocetta Zona San Donato e Cit Turin Zona San Salvario e Parco del Valentino Zona San Paolo Zona Santa Rita Zona Aurora Zona Nord (Barriera di Milano) Zona Nord Ovest (Campidoglio e Lucento) Zona collinare (Borgo Po) 
Campidoglio,"Campidoglio, Circoscrizione 4, Torino, Piemonte, 10143, Italia",place,suburb,0.385,Gli edifici di maggiore interesse Mappa sinottica degli edifici in stile liberty a Torino.  Zona Centro Zona Crocetta Zona San Donato e Cit Turin Zona San Salvario e Parco del Valentino Zona San Paolo Zona Santa Rita Zona Aurora Zona Nord (Barriera di Milano) Zona Nord Ovest (Campidoglio e Lucento) Zona collinare (Borgo Po) 
Lucento,"Lucento, Torino, Piemonte, 10151, Italia",place,suburb,0.385,Gli edifici di maggiore interesse Mappa sinottica degli edifici in stile liberty a Torino.  Zona Centro Zona Crocetta Zona San Donato e Cit Turin Zona San Salvario e Parco del Valentino Zona San Paolo Zona Santa Rita Zona Aurora Zona Nord (Barriera di Milano) Zona Nord Ovest (Campidoglio e Lucento) Zona collinare (Borgo Po) 
Zona,"Zona, Gwaskara, Shani, Borno, Nigeria",place,village,0.385,Gli edifici di maggiore interesse Mappa sinottica degli edifici in stile liberty a Torino.  Zona Centro Zona Crocetta Zona San Donato e Cit Turin Zona San Salvario e Parco del Valentino Zona San Paolo Zona Santa Rita Zona Aurora Zona Nord (Barriera di Milano) Zona Nord Ovest (Campidoglio e Lucento) Zona collinare (Borgo Po) 
